,C 1 Comdty,CL1 Comdty,GC1 Comdty,HG1 Comdty,NG1 Comdty,S 1 Comdty,SI1 Comdty
2023-01-16,0.0,0.0,0.0,0.0,0.0,0.0,0.0
2023-01-17,0.0,0.0,0.0,0.0,0.0,0.0,0.0
2023-01-18,0.0,0.0,0.0,0.0,0.0,0.0,0.0
2023-01-19,0.0,0.0,0.0,0.0,0.0,0.0,0.0
2023-01-20,0.0,0.0,0.0,0.0,0.0,0.0,0.0
2023-01-23,0.0,1.0,0.0,-2.0,0.0,3.0,0.0
2023-01-24,0.0,1.0,0.0,-2.0,0.0,3.0,0.0
2023-01-25,0.0,1.0,0.0,-2.0,0.0,3.0,0.0
2023-01-26,0.0,1.0,0.0,-2.0,0.0,3.0,0.0
2023-01-27,0.0,1.0,0.0,-2.0,0.0,3.0,0.0
2023-01-30,0.0,2.0,0.0,-2.0,0.0,3.0,0.0
2023-01-31,0.0,2.0,0.0,-2.0,0.0,3.0,0.0
2023-02-01,0.0,2.0,0.0,-2.0,0.0,3.0,0.0
2023-02-02,0.0,2.0,0.0,-2.0,0.0,3.0,0.0
2023-02-03,0.0,2.0,0.0,-2.0,0.0,3.0,0.0
2023-02-06,0.0,2.0,0.0,-2.0,-2.0,3.0,0.0
2023-02-07,0.0,2.0,0.0,-2.0,-2.0,3.0,0.0
2023-02-08,0.0,2.0,0.0,-2.0,-2.0,3.0,0.0
2023-02-09,0.0,2.0,0.0,-2.0,-2.0,3.0,0.0
2023-02-10,0.0,2.0,0.0,-2.0,-2.0,3.0,0.0
2023-02-13,0.0,0.0,0.0,2.0,2.0,-3.0,0.0
2023-02-14,0.0,0.0,0.0,2.0,2.0,-3.0,0.0
2023-02-15,0.0,0.0,0.0,2.0,2.0,-3.0,0.0
2023-02-16,0.0,0.0,0.0,2.0,2.0,-3.0,0.0
2023-02-17,0.0,0.0,0.0,2.0,2.0,-3.0,0.0
2023-02-20,5.0,-1.0,0.0,-1.0,-1.0,-2.0,0.0
2023-02-21,5.0,-1.0,0.0,-1.0,-1.0,-2.0,0.0
2023-02-22,5.0,-1.0,0.0,-1.0,-1.0,-2.0,0.0
2023-02-23,5.0,-1.0,0.0,-1.0,-1.0,-2.0,0.0
2023-02-24,5.0,-1.0,0.0,-1.0,-1.0,-2.0,0.0
2023-02-27,0.0,-1.0,0.0,1.0,2.0,3.0,0.0
2023-02-28,0.0,-1.0,0.0,1.0,2.0,3.0,0.0
2023-03-01,0.0,-1.0,0.0,1.0,2.0,3.0,0.0
2023-03-02,0.0,-1.0,0.0,1.0,2.0,3.0,0.0
2023-03-03,0.0,-1.0,0.0,1.0,2.0,3.0,0.0
2023-03-06,7.0,2.0,0.0,2.0,0.0,0.0,0.0
2023-03-07,7.0,2.0,0.0,2.0,0.0,0.0,0.0
2023-03-08,7.0,2.0,0.0,2.0,0.0,0.0,0.0
2023-03-09,7.0,2.0,0.0,2.0,0.0,0.0,0.0
2023-03-10,7.0,2.0,0.0,2.0,0.0,0.0,0.0
2023-03-13,7.0,-2.0,0.0,2.0,0.0,0.0,0.0
2023-03-14,7.0,-2.0,0.0,2.0,0.0,0.0,0.0
2023-03-15,7.0,-2.0,0.0,2.0,0.0,0.0,0.0
2023-03-16,7.0,-2.0,0.0,2.0,0.0,0.0,0.0
2023-03-17,7.0,-2.0,0.0,2.0,0.0,0.0,0.0
2023-03-20,-5.0,-1.0,0.0,1.0,1.0,-3.0,0.0
2023-03-21,-5.0,-1.0,0.0,1.0,1.0,-3.0,0.0
2023-03-22,-5.0,-1.0,0.0,1.0,1.0,-3.0,0.0
2023-03-23,-5.0,-1.0,0.0,1.0,1.0,-3.0,0.0
2023-03-24,-5.0,-1.0,0.0,1.0,1.0,-3.0,0.0
2023-03-27,5.0,-1.0,0.0,1.0,0.0,-3.0,0.0
2023-03-28,5.0,-1.0,0.0,1.0,0.0,-3.0,0.0
2023-03-29,5.0,-1.0,0.0,1.0,0.0,-3.0,0.0
2023-03-30,5.0,-1.0,0.0,1.0,0.0,-3.0,0.0
2023-03-31,5.0,-1.0,0.0,1.0,0.0,-3.0,0.0
2023-04-03,-7.0,1.0,0.0,-2.0,2.0,0.0,0.0
2023-04-04,-7.0,1.0,0.0,-2.0,2.0,0.0,0.0
2023-04-05,-7.0,1.0,0.0,-2.0,2.0,0.0,0.0
2023-04-06,-7.0,1.0,0.0,-2.0,2.0,0.0,0.0
2023-04-07,-7.0,1.0,0.0,-2.0,2.0,0.0,0.0
2023-04-10,-6.0,1.0,0.0,-1.0,2.0,-2.0,0.0
2023-04-11,-6.0,1.0,0.0,-1.0,2.0,-2.0,0.0
2023-04-12,-6.0,1.0,0.0,-1.0,2.0,-2.0,0.0
2023-04-13,-6.0,1.0,0.0,-1.0,2.0,-2.0,0.0
2023-04-14,-6.0,1.0,0.0,-1.0,2.0,-2.0,0.0
2023-04-17,-5.0,-1.0,0.0,1.0,2.0,-2.0,0.0
2023-04-18,-5.0,-1.0,0.0,1.0,2.0,-2.0,0.0
2023-04-19,-5.0,-1.0,0.0,1.0,2.0,-2.0,0.0
2023-04-20,-5.0,-1.0,0.0,1.0,2.0,-2.0,0.0
2023-04-21,-5.0,-1.0,0.0,1.0,2.0,-2.0,0.0
2023-04-24,-6.0,-1.0,0.0,0.0,2.0,-3.0,0.0
2023-04-25,-6.0,-1.0,0.0,0.0,2.0,-3.0,0.0
2023-04-26,-6.0,-1.0,0.0,0.0,2.0,-3.0,0.0
2023-04-27,-6.0,-1.0,0.0,0.0,2.0,-3.0,0.0
2023-04-28,-6.0,-1.0,0.0,0.0,2.0,-3.0,0.0
2023-05-01,-4.0,-1.0,0.0,-2.0,0.0,-3.0,0.0
2023-05-02,-4.0,-1.0,0.0,-2.0,0.0,-3.0,0.0
2023-05-03,-4.0,-1.0,0.0,-2.0,0.0,-3.0,0.0
2023-05-04,-4.0,-1.0,0.0,-2.0,0.0,-3.0,0.0
2023-05-05,-4.0,-1.0,0.0,-2.0,0.0,-3.0,0.0
2023-05-08,0.0,-2.0,0.0,0.0,-4.0,3.0,0.0
2023-05-09,0.0,-2.0,0.0,0.0,-4.0,3.0,0.0
2023-05-10,0.0,-2.0,0.0,0.0,-4.0,3.0,0.0
2023-05-11,0.0,-2.0,0.0,0.0,-4.0,3.0,0.0
2023-05-12,0.0,-2.0,0.0,0.0,-4.0,3.0,0.0
2023-05-15,-5.0,-1.0,0.0,2.0,0.0,3.0,0.0
2023-05-16,-5.0,-1.0,0.0,2.0,0.0,3.0,0.0
2023-05-17,-5.0,-1.0,0.0,2.0,0.0,3.0,0.0
2023-05-18,-5.0,-1.0,0.0,2.0,0.0,3.0,0.0
2023-05-19,-5.0,-1.0,0.0,2.0,0.0,3.0,0.0
2023-05-22,-5.0,-1.0,0.0,1.0,-2.0,3.0,0.0
2023-05-23,-5.0,-1.0,0.0,1.0,-2.0,3.0,0.0
2023-05-24,-5.0,-1.0,0.0,1.0,-2.0,3.0,0.0
2023-05-25,-5.0,-1.0,0.0,1.0,-2.0,3.0,0.0
2023-05-26,-5.0,-1.0,0.0,1.0,-2.0,3.0,0.0
2023-05-29,-7.0,0.0,0.0,0.0,-4.0,3.0,0.0
2023-05-30,-7.0,0.0,0.0,0.0,-4.0,3.0,0.0
2023-05-31,-7.0,0.0,0.0,0.0,-4.0,3.0,0.0
2023-06-01,-7.0,0.0,0.0,0.0,-4.0,3.0,0.0
2023-06-02,-7.0,0.0,0.0,0.0,-4.0,3.0,0.0
2023-06-05,0.0,2.0,0.0,-2.0,3.0,3.0,0.0
2023-06-06,0.0,2.0,0.0,-2.0,3.0,3.0,0.0
2023-06-07,0.0,2.0,0.0,-2.0,3.0,3.0,0.0
2023-06-08,0.0,2.0,0.0,-2.0,3.0,3.0,0.0
2023-06-09,0.0,2.0,0.0,-2.0,3.0,3.0,0.0
2023-06-12,5.0,-2.0,0.0,-2.0,-2.0,2.0,0.0
2023-06-13,5.0,-2.0,0.0,-2.0,-2.0,2.0,0.0
2023-06-14,5.0,-2.0,0.0,-2.0,-2.0,2.0,0.0
2023-06-15,5.0,-2.0,0.0,-2.0,-2.0,2.0,0.0
2023-06-16,5.0,-2.0,0.0,-2.0,-2.0,2.0,0.0
2023-06-19,5.0,0.0,0.0,-2.0,3.0,-2.0,0.0
2023-06-20,5.0,0.0,0.0,-2.0,3.0,-2.0,0.0
2023-06-21,5.0,0.0,0.0,-2.0,3.0,-2.0,0.0
2023-06-22,5.0,0.0,0.0,-2.0,3.0,-2.0,0.0
2023-06-23,5.0,0.0,0.0,-2.0,3.0,-2.0,0.0
2023-06-26,3.0,0.0,0.0,-2.0,3.0,2.0,0.0
2023-06-27,3.0,0.0,0.0,-2.0,3.0,2.0,0.0
2023-06-28,3.0,0.0,0.0,-2.0,3.0,2.0,0.0
2023-06-29,3.0,0.0,0.0,-2.0,3.0,2.0,0.0
2023-06-30,3.0,0.0,0.0,-2.0,3.0,2.0,0.0
2023-07-03,0.0,0.0,0.0,-2.0,3.0,2.0,0.0
2023-07-04,0.0,0.0,0.0,-2.0,3.0,2.0,0.0
2023-07-05,0.0,0.0,0.0,-2.0,3.0,2.0,0.0
2023-07-06,0.0,0.0,0.0,-2.0,3.0,2.0,0.0
2023-07-07,0.0,0.0,0.0,-2.0,3.0,2.0,0.0
2023-07-10,0.0,0.0,0.0,0.0,9.0,3.0,0.0
2023-07-11,0.0,0.0,0.0,0.0,9.0,3.0,0.0
2023-07-12,0.0,0.0,0.0,0.0,9.0,3.0,0.0
2023-07-13,0.0,0.0,0.0,0.0,9.0,3.0,0.0
2023-07-14,0.0,0.0,0.0,0.0,9.0,3.0,0.0
2023-07-17,3.0,2.0,0.0,-2.0,0.0,-2.0,0.0
2023-07-18,3.0,2.0,0.0,-2.0,0.0,-2.0,0.0
2023-07-19,3.0,2.0,0.0,-2.0,0.0,-2.0,0.0
2023-07-20,3.0,2.0,0.0,-2.0,0.0,-2.0,0.0
2023-07-21,3.0,2.0,0.0,-2.0,0.0,-2.0,0.0
2023-07-24,5.0,0.0,0.0,-2.0,5.0,0.0,0.0
2023-07-25,5.0,0.0,0.0,-2.0,5.0,0.0,0.0
2023-07-26,5.0,0.0,0.0,-2.0,5.0,0.0,0.0
2023-07-27,5.0,0.0,0.0,-2.0,5.0,0.0,0.0
2023-07-28,5.0,0.0,0.0,-2.0,5.0,0.0,0.0
2023-07-31,0.0,3.0,0.0,0.0,0.0,0.0,0.0
2023-08-01,0.0,3.0,0.0,0.0,0.0,0.0,0.0
2023-08-02,0.0,3.0,0.0,0.0,0.0,0.0,0.0
2023-08-03,0.0,3.0,0.0,0.0,0.0,0.0,0.0
2023-08-04,0.0,3.0,0.0,0.0,0.0,0.0,0.0
2023-08-07,0.0,0.0,0.0,-2.0,4.0,3.0,0.0
2023-08-08,0.0,0.0,0.0,-2.0,4.0,3.0,0.0
2023-08-09,0.0,0.0,0.0,-2.0,4.0,3.0,0.0
2023-08-10,0.0,0.0,0.0,-2.0,4.0,3.0,0.0
2023-08-11,0.0,0.0,0.0,-2.0,4.0,3.0,0.0
2023-08-14,-3.0,-2.0,0.0,-2.0,2.0,2.0,0.0
2023-08-15,-3.0,-2.0,0.0,-2.0,2.0,2.0,0.0
2023-08-16,-3.0,-2.0,0.0,-2.0,2.0,2.0,0.0
2023-08-17,-3.0,-2.0,0.0,-2.0,2.0,2.0,0.0
2023-08-18,-3.0,-2.0,0.0,-2.0,2.0,2.0,0.0
2023-08-21,8.0,2.0,0.0,0.0,0.0,-3.0,0.0
2023-08-22,8.0,2.0,0.0,0.0,0.0,-3.0,0.0
2023-08-23,8.0,2.0,0.0,0.0,0.0,-3.0,0.0
2023-08-24,8.0,2.0,0.0,0.0,0.0,-3.0,0.0
2023-08-25,8.0,2.0,0.0,0.0,0.0,-3.0,0.0
2023-08-28,-5.0,1.0,0.0,2.0,-2.0,-2.0,0.0
2023-08-29,-5.0,1.0,0.0,2.0,-2.0,-2.0,0.0
2023-08-30,-5.0,1.0,0.0,2.0,-2.0,-2.0,0.0
2023-08-31,-5.0,1.0,0.0,2.0,-2.0,-2.0,0.0
2023-09-01,-5.0,1.0,0.0,2.0,-2.0,-2.0,0.0
2023-09-04,0.0,3.0,0.0,-2.0,0.0,0.0,0.0
2023-09-05,0.0,3.0,0.0,-2.0,0.0,0.0,0.0
2023-09-06,0.0,3.0,0.0,-2.0,0.0,0.0,0.0
2023-09-07,0.0,3.0,0.0,-2.0,0.0,0.0,0.0
2023-09-08,0.0,3.0,0.0,-2.0,0.0,0.0,0.0
2023-09-11,6.0,2.0,0.0,-2.0,-3.0,0.0,0.0
2023-09-12,6.0,2.0,0.0,-2.0,-3.0,0.0,0.0
2023-09-13,6.0,2.0,0.0,-2.0,-3.0,0.0,0.0
2023-09-14,6.0,2.0,0.0,-2.0,-3.0,0.0,0.0
2023-09-15,6.0,2.0,0.0,-2.0,-3.0,0.0,0.0
2023-09-18,0.0,0.0,0.0,-2.0,-3.0,-3.0,0.0
2023-09-19,0.0,0.0,0.0,-2.0,-3.0,-3.0,0.0
2023-09-20,0.0,0.0,0.0,-2.0,-3.0,-3.0,0.0
2023-09-21,0.0,0.0,0.0,-2.0,-3.0,-3.0,0.0
2023-09-22,0.0,0.0,0.0,-2.0,-3.0,-3.0,0.0
2023-09-25,0.0,0.0,0.0,-2.0,0.0,-4.0,0.0
2023-09-26,0.0,0.0,0.0,-2.0,0.0,-4.0,0.0
2023-09-27,0.0,0.0,0.0,-2.0,0.0,-4.0,0.0
2023-09-28,0.0,0.0,0.0,-2.0,0.0,-4.0,0.0
2023-09-29,0.0,0.0,0.0,-2.0,0.0,-4.0,0.0
2023-10-02,0.0,0.0,0.0,-2.0,0.0,-4.0,0.0
2023-10-03,0.0,0.0,0.0,-2.0,0.0,-4.0,0.0
2023-10-04,0.0,0.0,0.0,-2.0,0.0,-4.0,0.0
2023-10-05,0.0,0.0,0.0,-2.0,0.0,-4.0,0.0
2023-10-06,0.0,0.0,0.0,-2.0,0.0,-4.0,0.0
2023-10-09,0.0,1.0,0.0,-2.0,0.0,4.0,0.0
2023-10-10,0.0,1.0,0.0,-2.0,0.0,4.0,0.0
2023-10-11,0.0,1.0,0.0,-2.0,0.0,4.0,0.0
2023-10-12,0.0,1.0,0.0,-2.0,0.0,4.0,0.0
2023-10-13,0.0,1.0,0.0,-2.0,0.0,4.0,0.0
2023-10-16,6.0,-1.0,0.0,-2.0,0.0,3.0,0.0
2023-10-17,6.0,-1.0,0.0,-2.0,0.0,3.0,0.0
2023-10-18,6.0,-1.0,0.0,-2.0,0.0,3.0,0.0
2023-10-19,6.0,-1.0,0.0,-2.0,0.0,3.0,0.0
2023-10-20,6.0,-1.0,0.0,-2.0,0.0,3.0,0.0
2023-10-23,5.0,-1.0,0.0,-2.0,2.0,2.0,0.0
2023-10-24,5.0,-1.0,0.0,-2.0,2.0,2.0,0.0
2023-10-25,5.0,-1.0,0.0,-2.0,2.0,2.0,0.0
2023-10-26,5.0,-1.0,0.0,-2.0,2.0,2.0,0.0
2023-10-27,5.0,-1.0,0.0,-2.0,2.0,2.0,0.0
2023-10-30,8.0,-1.0,0.0,0.0,2.0,3.0,0.0
2023-10-31,8.0,-1.0,0.0,0.0,2.0,3.0,0.0
2023-11-01,8.0,-1.0,0.0,0.0,2.0,3.0,0.0
2023-11-02,8.0,-1.0,0.0,0.0,2.0,3.0,0.0
2023-11-03,8.0,-1.0,0.0,0.0,2.0,3.0,0.0
2023-11-06,6.0,1.0,0.0,2.0,0.0,2.0,0.0
2023-11-07,6.0,1.0,0.0,2.0,0.0,2.0,0.0
2023-11-08,6.0,1.0,0.0,2.0,0.0,2.0,0.0
2023-11-09,6.0,1.0,0.0,2.0,0.0,2.0,0.0
2023-11-10,6.0,1.0,0.0,2.0,0.0,2.0,0.0
2023-11-13,9.0,-1.0,0.0,0.0,0.0,3.0,0.0
2023-11-14,9.0,-1.0,0.0,0.0,0.0,3.0,0.0
2023-11-15,9.0,-1.0,0.0,0.0,0.0,3.0,0.0
2023-11-16,9.0,-1.0,0.0,0.0,0.0,3.0,0.0
2023-11-17,9.0,-1.0,0.0,0.0,0.0,3.0,0.0
2023-11-20,0.0,0.0,0.0,0.0,0.0,3.0,0.0
2023-11-21,0.0,0.0,0.0,0.0,0.0,3.0,0.0
2023-11-22,0.0,0.0,0.0,0.0,0.0,3.0,0.0
2023-11-23,0.0,0.0,0.0,0.0,0.0,3.0,0.0
2023-11-24,0.0,0.0,0.0,0.0,0.0,3.0,0.0
2023-11-27,10.0,0.0,0.0,0.0,0.0,3.0,0.0
2023-11-28,10.0,0.0,0.0,0.0,0.0,3.0,0.0
2023-11-29,10.0,0.0,0.0,0.0,0.0,3.0,0.0
2023-11-30,10.0,0.0,0.0,0.0,0.0,3.0,0.0
2023-12-01,10.0,0.0,0.0,0.0,0.0,3.0,0.0
2023-12-04,-7.0,-1.0,0.0,2.0,-3.0,0.0,0.0
2023-12-05,-7.0,-1.0,0.0,2.0,-3.0,0.0,0.0
2023-12-06,-7.0,-1.0,0.0,2.0,-3.0,0.0,0.0
2023-12-07,-7.0,-1.0,0.0,2.0,-3.0,0.0,0.0
2023-12-08,-7.0,-1.0,0.0,2.0,-3.0,0.0,0.0
2023-12-11,0.0,0.0,0.0,2.0,-5.0,3.0,0.0
2023-12-12,0.0,0.0,0.0,2.0,-5.0,3.0,0.0
2023-12-13,0.0,0.0,0.0,2.0,-5.0,3.0,0.0
2023-12-14,0.0,0.0,0.0,2.0,-5.0,3.0,0.0
2023-12-15,0.0,0.0,0.0,2.0,-5.0,3.0,0.0
2023-12-18,-9.0,0.0,0.0,-1.0,-3.0,2.0,0.0
2023-12-19,-9.0,0.0,0.0,-1.0,-3.0,2.0,0.0
2023-12-20,-9.0,0.0,0.0,-1.0,-3.0,2.0,0.0
2023-12-21,-9.0,0.0,0.0,-1.0,-3.0,2.0,0.0
2023-12-22,-9.0,0.0,0.0,-1.0,-3.0,2.0,0.0
2023-12-25,-9.0,0.0,0.0,-1.0,2.0,3.0,0.0
2023-12-26,-9.0,0.0,0.0,-1.0,2.0,3.0,0.0
2023-12-27,-9.0,0.0,0.0,-1.0,2.0,3.0,0.0
2023-12-28,-9.0,0.0,0.0,-1.0,2.0,3.0,0.0
2023-12-29,-9.0,0.0,0.0,-1.0,2.0,3.0,0.0
2024-01-01,-9.0,-1.0,0.0,0.0,2.0,3.0,0.0
2024-01-02,-9.0,-1.0,0.0,0.0,2.0,3.0,0.0
2024-01-03,-9.0,-1.0,0.0,0.0,2.0,3.0,0.0
2024-01-04,-9.0,-1.0,0.0,0.0,2.0,3.0,0.0
2024-01-05,-9.0,-1.0,0.0,0.0,2.0,3.0,0.0
2024-01-08,-7.0,1.0,0.0,1.0,2.0,-3.0,0.0
2024-01-09,-7.0,1.0,0.0,1.0,2.0,-3.0,0.0
2024-01-10,-7.0,1.0,0.0,1.0,2.0,-3.0,0.0
2024-01-11,-7.0,1.0,0.0,1.0,2.0,-3.0,0.0
2024-01-12,-7.0,1.0,0.0,1.0,2.0,-3.0,0.0
2024-01-15,-9.0,1.0,0.0,2.0,2.0,0.0,0.0
2024-01-16,-9.0,1.0,0.0,2.0,2.0,0.0,0.0
2024-01-17,-9.0,1.0,0.0,2.0,2.0,0.0,0.0
2024-01-18,-9.0,1.0,0.0,2.0,2.0,0.0,0.0
2024-01-19,-9.0,1.0,0.0,2.0,2.0,0.0,0.0
2024-01-22,10.0,0.0,0.0,0.0,3.0,0.0,0.0
2024-01-23,10.0,0.0,0.0,0.0,3.0,0.0,0.0
2024-01-24,10.0,0.0,0.0,0.0,3.0,0.0,0.0
2024-01-25,10.0,0.0,0.0,0.0,3.0,0.0,0.0
2024-01-26,10.0,0.0,0.0,0.0,3.0,0.0,0.0
2024-01-29,10.0,1.0,0.0,2.0,1.0,0.0,0.0
2024-01-30,10.0,1.0,0.0,2.0,1.0,0.0,0.0
2024-01-31,10.0,1.0,0.0,2.0,1.0,0.0,0.0
2024-02-01,10.0,1.0,0.0,2.0,1.0,0.0,0.0
2024-02-02,10.0,1.0,0.0,2.0,1.0,0.0,0.0
2024-02-05,-8.0,-1.0,0.0,2.0,0.0,-3.0,0.0
2024-02-06,-8.0,-1.0,0.0,2.0,0.0,-3.0,0.0
2024-02-07,-8.0,-1.0,0.0,2.0,0.0,-3.0,0.0
2024-02-08,-8.0,-1.0,0.0,2.0,0.0,-3.0,0.0
2024-02-09,-8.0,-1.0,0.0,2.0,0.0,-3.0,0.0
2024-02-12,-11.0,2.0,0.0,0.0,0.0,-3.0,0.0
2024-02-13,-11.0,2.0,0.0,0.0,0.0,-3.0,0.0
2024-02-14,-11.0,2.0,0.0,0.0,0.0,-3.0,0.0
2024-02-15,-11.0,2.0,0.0,0.0,0.0,-3.0,0.0
2024-02-16,-11.0,2.0,0.0,0.0,0.0,-3.0,0.0
2024-02-19,-10.0,1.0,0.0,0.0,-3.0,-3.0,0.0
2024-02-20,-10.0,1.0,0.0,0.0,-3.0,-3.0,0.0
2024-02-21,-10.0,1.0,0.0,0.0,-3.0,-3.0,0.0
2024-02-22,-10.0,1.0,0.0,0.0,-3.0,-3.0,0.0
2024-02-23,-10.0,1.0,0.0,0.0,-3.0,-3.0,0.0
2024-02-26,8.0,-1.0,0.0,2.0,-2.0,-3.0,0.0
2024-02-27,8.0,-1.0,0.0,2.0,-2.0,-3.0,0.0
2024-02-28,8.0,-1.0,0.0,2.0,-2.0,-3.0,0.0
2024-02-29,8.0,-1.0,0.0,2.0,-2.0,-3.0,0.0
2024-03-01,8.0,-1.0,0.0,2.0,-2.0,-3.0,0.0
2024-03-04,0.0,0.0,0.0,0.0,5.0,-4.0,0.0
2024-03-05,0.0,0.0,0.0,0.0,5.0,-4.0,0.0
2024-03-06,0.0,0.0,0.0,0.0,5.0,-4.0,0.0
2024-03-07,0.0,0.0,0.0,0.0,5.0,-4.0,0.0
2024-03-08,0.0,0.0,0.0,0.0,5.0,-4.0,0.0
2024-03-11,0.0,-2.0,0.0,2.0,2.0,3.0,0.0
2024-03-12,0.0,-2.0,0.0,2.0,2.0,3.0,0.0
2024-03-13,0.0,-2.0,0.0,2.0,2.0,3.0,0.0
2024-03-14,0.0,-2.0,0.0,2.0,2.0,3.0,0.0
2024-03-15,0.0,-2.0,0.0,2.0,2.0,3.0,0.0
2024-03-18,-11.0,0.0,0.0,-2.0,0.0,0.0,0.0
2024-03-19,-11.0,0.0,0.0,-2.0,0.0,0.0,0.0
2024-03-20,-11.0,0.0,0.0,-2.0,0.0,0.0,0.0
2024-03-21,-11.0,0.0,0.0,-2.0,0.0,0.0,0.0
2024-03-22,-11.0,0.0,0.0,-2.0,0.0,0.0,0.0
2024-03-25,0.0,3.0,0.0,-2.0,0.0,0.0,0.0
2024-03-26,0.0,3.0,0.0,-2.0,0.0,0.0,0.0
2024-03-27,0.0,3.0,0.0,-2.0,0.0,0.0,0.0
2024-03-28,0.0,3.0,0.0,-2.0,0.0,0.0,0.0
2024-03-29,0.0,3.0,0.0,-2.0,0.0,0.0,0.0
2024-04-01,8.0,2.0,0.0,-2.0,-4.0,0.0,0.0
2024-04-02,8.0,2.0,0.0,-2.0,-4.0,0.0,0.0
2024-04-03,8.0,2.0,0.0,-2.0,-4.0,0.0,0.0
2024-04-04,8.0,2.0,0.0,-2.0,-4.0,0.0,0.0
2024-04-05,8.0,2.0,0.0,-2.0,-4.0,0.0,0.0
2024-04-08,7.0,2.0,0.0,0.0,-4.0,-4.0,0.0
2024-04-09,7.0,2.0,0.0,0.0,-4.0,-4.0,0.0
2024-04-10,7.0,2.0,0.0,0.0,-4.0,-4.0,0.0
2024-04-11,7.0,2.0,0.0,0.0,-4.0,-4.0,0.0
2024-04-12,7.0,2.0,0.0,0.0,-4.0,-4.0,0.0
2024-04-15,6.0,-2.0,0.0,0.0,-4.0,-3.0,0.0
2024-04-16,6.0,-2.0,0.0,0.0,-4.0,-3.0,0.0
2024-04-17,6.0,-2.0,0.0,0.0,-4.0,-3.0,0.0
2024-04-18,6.0,-2.0,0.0,0.0,-4.0,-3.0,0.0
2024-04-19,6.0,-2.0,0.0,0.0,-4.0,-3.0,0.0
2024-04-22,-7.0,2.0,0.0,0.0,0.0,-4.0,0.0
2024-04-23,-7.0,2.0,0.0,0.0,0.0,-4.0,0.0
2024-04-24,-7.0,2.0,0.0,0.0,0.0,-4.0,0.0
2024-04-25,-7.0,2.0,0.0,0.0,0.0,-4.0,0.0
2024-04-26,-7.0,2.0,0.0,0.0,0.0,-4.0,0.0
2024-04-29,-6.0,1.0,0.0,-1.0,0.0,-3.0,0.0
2024-04-30,-6.0,1.0,0.0,-1.0,0.0,-3.0,0.0
2024-05-01,-6.0,1.0,0.0,-1.0,0.0,-3.0,0.0
2024-05-02,-6.0,1.0,0.0,-1.0,0.0,-3.0,0.0
2024-05-03,-6.0,1.0,0.0,-1.0,0.0,-3.0,0.0
2024-05-06,-7.0,2.0,0.0,-1.0,0.0,-3.0,0.0
2024-05-07,-7.0,2.0,0.0,-1.0,0.0,-3.0,0.0
2024-05-08,-7.0,2.0,0.0,-1.0,0.0,-3.0,0.0
2024-05-09,-7.0,2.0,0.0,-1.0,0.0,-3.0,0.0
2024-05-10,-7.0,2.0,0.0,-1.0,0.0,-3.0,0.0
2024-05-13,-6.0,-2.0,0.0,1.0,2.0,-2.0,0.0
2024-05-14,-6.0,-2.0,0.0,1.0,2.0,-2.0,0.0
2024-05-15,-6.0,-2.0,0.0,1.0,2.0,-2.0,0.0
2024-05-16,-6.0,-2.0,0.0,1.0,2.0,-2.0,0.0
2024-05-17,-6.0,-2.0,0.0,1.0,2.0,-2.0,0.0
2024-05-20,0.0,0.0,0.0,2.0,3.0,-4.0,0.0
2024-05-21,0.0,0.0,0.0,2.0,3.0,-4.0,0.0
2024-05-22,0.0,0.0,0.0,2.0,3.0,-4.0,0.0
2024-05-23,0.0,0.0,0.0,2.0,3.0,-4.0,0.0
2024-05-24,0.0,0.0,0.0,2.0,3.0,-4.0,0.0
2024-05-27,7.0,-2.0,0.0,1.0,0.0,-3.0,0.0
2024-05-28,7.0,-2.0,0.0,1.0,0.0,-3.0,0.0
2024-05-29,7.0,-2.0,0.0,1.0,0.0,-3.0,0.0
2024-05-30,7.0,-2.0,0.0,1.0,0.0,-3.0,0.0
2024-05-31,7.0,-2.0,0.0,1.0,0.0,-3.0,0.0
2024-06-03,-9.0,-3.0,0.0,-1.0,-2.0,0.0,0.0
2024-06-04,-9.0,-3.0,0.0,-1.0,-2.0,0.0,0.0
2024-06-05,-9.0,-3.0,0.0,-1.0,-2.0,0.0,0.0
2024-06-06,-9.0,-3.0,0.0,-1.0,-2.0,0.0,0.0
2024-06-07,-9.0,-3.0,0.0,-1.0,-2.0,0.0,0.0
2024-06-10,-10.0,-3.0,0.0,1.0,0.0,0.0,0.0
2024-06-11,-10.0,-3.0,0.0,1.0,0.0,0.0,0.0
2024-06-12,-10.0,-3.0,0.0,1.0,0.0,0.0,0.0
2024-06-13,-10.0,-3.0,0.0,1.0,0.0,0.0,0.0
2024-06-14,-10.0,-3.0,0.0,1.0,0.0,0.0,0.0
2024-06-17,0.0,-3.0,0.0,0.0,0.0,4.0,0.0
2024-06-18,0.0,-3.0,0.0,0.0,0.0,4.0,0.0
2024-06-19,0.0,-3.0,0.0,0.0,0.0,4.0,0.0
2024-06-20,0.0,-3.0,0.0,0.0,0.0,4.0,0.0
2024-06-21,0.0,-3.0,0.0,0.0,0.0,4.0,0.0
2024-06-24,-8.0,-2.0,0.0,0.0,-2.0,-4.0,0.0
2024-06-25,-8.0,-2.0,0.0,0.0,-2.0,-4.0,0.0
2024-06-26,-8.0,-2.0,0.0,0.0,-2.0,-4.0,0.0
2024-06-27,-8.0,-2.0,0.0,0.0,-2.0,-4.0,0.0
2024-06-28,-8.0,-2.0,0.0,0.0,-2.0,-4.0,0.0
2024-07-01,-6.0,-2.0,0.0,-1.0,-2.0,-3.0,0.0
2024-07-02,-6.0,-2.0,0.0,-1.0,-2.0,-3.0,0.0
2024-07-03,-6.0,-2.0,0.0,-1.0,-2.0,-3.0,0.0
2024-07-04,-6.0,-2.0,0.0,-1.0,-2.0,-3.0,0.0
2024-07-05,-6.0,-2.0,0.0,-1.0,-2.0,-3.0,0.0
2024-07-08,-7.0,0.0,0.0,-1.0,-2.0,-4.0,0.0
2024-07-09,-7.0,0.0,0.0,-1.0,-2.0,-4.0,0.0
2024-07-10,-7.0,0.0,0.0,-1.0,-2.0,-4.0,0.0
2024-07-11,-7.0,0.0,0.0,-1.0,-2.0,-4.0,0.0
2024-07-12,-7.0,0.0,0.0,-1.0,-2.0,-4.0,0.0
2024-07-15,-8.0,-3.0,0.0,-1.0,0.0,0.0,0.0
2024-07-16,-8.0,-3.0,0.0,-1.0,0.0,0.0,0.0
2024-07-17,-8.0,-3.0,0.0,-1.0,0.0,0.0,0.0
2024-07-18,-8.0,-3.0,0.0,-1.0,0.0,0.0,0.0
2024-07-19,-8.0,-3.0,0.0,-1.0,0.0,0.0,0.0
2024-07-22,11.0,0.0,0.0,0.0,0.0,0.0,0.0
2024-07-23,11.0,0.0,0.0,0.0,0.0,0.0,0.0
2024-07-24,11.0,0.0,0.0,0.0,0.0,0.0,0.0
2024-07-25,11.0,0.0,0.0,0.0,0.0,0.0,0.0
2024-07-26,11.0,0.0,0.0,0.0,0.0,0.0,0.0
2024-07-29,7.0,-2.0,0.0,-1.0,0.0,-3.0,0.0
2024-07-30,7.0,-2.0,0.0,-1.0,0.0,-3.0,0.0
2024-07-31,7.0,-2.0,0.0,-1.0,0.0,-3.0,0.0
2024-08-01,7.0,-2.0,0.0,-1.0,0.0,-3.0,0.0
2024-08-02,7.0,-2.0,0.0,-1.0,0.0,-3.0,0.0
2024-08-05,7.0,1.0,0.0,-1.0,-3.0,-3.0,0.0
2024-08-06,7.0,1.0,0.0,-1.0,-3.0,-3.0,0.0
2024-08-07,7.0,1.0,0.0,-1.0,-3.0,-3.0,0.0
2024-08-08,7.0,1.0,0.0,-1.0,-3.0,-3.0,0.0
2024-08-09,7.0,1.0,0.0,-1.0,-3.0,-3.0,0.0
2024-08-12,8.0,-1.0,0.0,-1.0,-2.0,-3.0,0.0
2024-08-13,8.0,-1.0,0.0,-1.0,-2.0,-3.0,0.0
2024-08-14,8.0,-1.0,0.0,-1.0,-2.0,-3.0,0.0
2024-08-15,8.0,-1.0,0.0,-1.0,-2.0,-3.0,0.0
2024-08-16,8.0,-1.0,0.0,-1.0,-2.0,-3.0,0.0
2024-08-19,11.0,1.0,0.0,-2.0,4.0,0.0,0.0
2024-08-20,11.0,1.0,0.0,-2.0,4.0,0.0,0.0
2024-08-21,11.0,1.0,0.0,-2.0,4.0,0.0,0.0
2024-08-22,11.0,1.0,0.0,-2.0,4.0,0.0,0.0
2024-08-23,11.0,1.0,0.0,-2.0,4.0,0.0,0.0
2024-08-26,9.0,1.0,0.0,-1.0,3.0,-3.0,0.0
2024-08-27,9.0,1.0,0.0,-1.0,3.0,-3.0,0.0
2024-08-28,9.0,1.0,0.0,-1.0,3.0,-3.0,0.0
2024-08-29,9.0,1.0,0.0,-1.0,3.0,-3.0,0.0
2024-08-30,9.0,1.0,0.0,-1.0,3.0,-3.0,0.0
2024-09-02,10.0,0.0,0.0,2.0,0.0,-4.0,0.0
2024-09-03,10.0,0.0,0.0,2.0,0.0,-4.0,0.0
2024-09-04,10.0,0.0,0.0,2.0,0.0,-4.0,0.0
2024-09-05,10.0,0.0,0.0,2.0,0.0,-4.0,0.0
2024-09-06,10.0,0.0,0.0,2.0,0.0,-4.0,0.0
2024-09-09,10.0,-2.0,0.0,-2.0,-3.0,0.0,0.0
2024-09-10,10.0,-2.0,0.0,-2.0,-3.0,0.0,0.0
2024-09-11,10.0,-2.0,0.0,-2.0,-3.0,0.0,0.0
2024-09-12,10.0,-2.0,0.0,-2.0,-3.0,0.0,0.0
2024-09-13,10.0,-2.0,0.0,-2.0,-3.0,0.0,0.0
2024-09-16,-11.0,1.0,0.0,-2.0,-3.0,0.0,0.0
2024-09-17,-11.0,1.0,0.0,-2.0,-3.0,0.0,0.0
2024-09-18,-11.0,1.0,0.0,-2.0,-3.0,0.0,0.0
2024-09-19,-11.0,1.0,0.0,-2.0,-3.0,0.0,0.0
2024-09-20,-11.0,1.0,0.0,-2.0,-3.0,0.0,0.0
2024-09-23,-8.0,1.0,0.0,-1.0,0.0,-4.0,0.0
2024-09-24,-8.0,1.0,0.0,-1.0,0.0,-4.0,0.0
2024-09-25,-8.0,1.0,0.0,-1.0,0.0,-4.0,0.0
2024-09-26,-8.0,1.0,0.0,-1.0,0.0,-4.0,0.0
2024-09-27,-8.0,1.0,0.0,-1.0,0.0,-4.0,0.0
2024-09-30,-8.0,1.0,0.0,1.0,-2.0,3.0,0.0
2024-10-01,-8.0,1.0,0.0,1.0,-2.0,3.0,0.0
2024-10-02,-8.0,1.0,0.0,1.0,-2.0,3.0,0.0
2024-10-03,-8.0,1.0,0.0,1.0,-2.0,3.0,0.0
2024-10-04,-8.0,1.0,0.0,1.0,-2.0,3.0,0.0
2024-10-07,0.0,1.0,0.0,2.0,-3.0,-4.0,0.0
2024-10-08,0.0,1.0,0.0,2.0,-3.0,-4.0,0.0
2024-10-09,0.0,1.0,0.0,2.0,-3.0,-4.0,0.0
2024-10-10,0.0,1.0,0.0,2.0,-3.0,-4.0,0.0
2024-10-11,0.0,1.0,0.0,2.0,-3.0,-4.0,0.0
2024-10-14,11.0,1.0,0.0,-1.0,-3.0,0.0,0.0
2024-10-15,11.0,1.0,0.0,-1.0,-3.0,0.0,0.0
2024-10-16,11.0,1.0,0.0,-1.0,-3.0,0.0,0.0
2024-10-17,11.0,1.0,0.0,-1.0,-3.0,0.0,0.0
2024-10-18,11.0,1.0,0.0,-1.0,-3.0,0.0,0.0
2024-10-21,-11.0,0.0,0.0,-2.0,-5.0,0.0,0.0
2024-10-22,-11.0,0.0,0.0,-2.0,-5.0,0.0,0.0
2024-10-23,-11.0,0.0,0.0,-2.0,-5.0,0.0,0.0
2024-10-24,-11.0,0.0,0.0,-2.0,-5.0,0.0,0.0
2024-10-25,-11.0,0.0,0.0,-2.0,-5.0,0.0,0.0
2024-10-28,-8.0,1.0,0.0,-1.0,0.0,4.0,0.0
2024-10-29,-8.0,1.0,0.0,-1.0,0.0,4.0,0.0
2024-10-30,-8.0,1.0,0.0,-1.0,0.0,4.0,0.0
2024-10-31,-8.0,1.0,0.0,-1.0,0.0,4.0,0.0
2024-11-01,-8.0,1.0,0.0,-1.0,0.0,4.0,0.0
2024-11-04,0.0,-2.0,0.0,2.0,4.0,0.0,0.0
2024-11-05,0.0,-2.0,0.0,2.0,4.0,0.0,0.0
2024-11-06,0.0,-2.0,0.0,2.0,4.0,0.0,0.0
2024-11-07,0.0,-2.0,0.0,2.0,4.0,0.0,0.0
2024-11-08,0.0,-2.0,0.0,2.0,4.0,0.0,0.0
2024-11-11,-11.0,-2.0,0.0,-1.0,0.0,0.0,0.0
2024-11-12,-11.0,-2.0,0.0,-1.0,0.0,0.0,0.0
2024-11-13,-11.0,-2.0,0.0,-1.0,0.0,0.0,0.0
2024-11-14,-11.0,-2.0,0.0,-1.0,0.0,0.0,0.0
2024-11-15,-11.0,-2.0,0.0,-1.0,0.0,0.0,0.0
2024-11-18,-9.0,-1.0,0.0,-1.0,1.0,-4.0,0.0
2024-11-19,-9.0,-1.0,0.0,-1.0,1.0,-4.0,0.0
2024-11-20,-9.0,-1.0,0.0,-1.0,1.0,-4.0,0.0
2024-11-21,-9.0,-1.0,0.0,-1.0,1.0,-4.0,0.0
2024-11-22,-9.0,-1.0,0.0,-1.0,1.0,-4.0,0.0
2024-11-25,-10.0,-1.0,0.0,1.0,0.0,3.0,0.0
2024-11-26,-10.0,-1.0,0.0,1.0,0.0,3.0,0.0
2024-11-27,-10.0,-1.0,0.0,1.0,0.0,3.0,0.0
2024-11-28,-10.0,-1.0,0.0,1.0,0.0,3.0,0.0
2024-11-29,-10.0,-1.0,0.0,1.0,0.0,3.0,0.0
2024-12-02,-11.0,-2.0,0.0,-1.0,-1.0,0.0,0.0
2024-12-03,-11.0,-2.0,0.0,-1.0,-1.0,0.0,0.0
2024-12-04,-11.0,-2.0,0.0,-1.0,-1.0,0.0,0.0
2024-12-05,-11.0,-2.0,0.0,-1.0,-1.0,0.0,0.0
2024-12-06,-11.0,-2.0,0.0,-1.0,-1.0,0.0,0.0
2024-12-09,-11.0,-2.0,0.0,2.0,0.0,0.0,0.0
2024-12-10,-11.0,-2.0,0.0,2.0,0.0,0.0,0.0
2024-12-11,-11.0,-2.0,0.0,2.0,0.0,0.0,0.0
2024-12-12,-11.0,-2.0,0.0,2.0,0.0,0.0,0.0
2024-12-13,-11.0,-2.0,0.0,2.0,0.0,0.0,0.0
2024-12-16,10.0,0.0,0.0,0.0,0.0,0.0,0.0
2024-12-17,10.0,0.0,0.0,0.0,0.0,0.0,0.0
2024-12-18,10.0,0.0,0.0,0.0,0.0,0.0,0.0
2024-12-19,10.0,0.0,0.0,0.0,0.0,0.0,0.0
2024-12-20,10.0,0.0,0.0,0.0,0.0,0.0,0.0
2024-12-23,0.0,2.0,0.0,-2.0,1.0,4.0,0.0
2024-12-24,0.0,2.0,0.0,-2.0,1.0,4.0,0.0
2024-12-25,0.0,2.0,0.0,-2.0,1.0,4.0,0.0
2024-12-26,0.0,2.0,0.0,-2.0,1.0,4.0,0.0
2024-12-27,0.0,2.0,0.0,-2.0,1.0,4.0,0.0
2024-12-30,-10.0,0.0,0.0,0.0,0.0,5.0,0.0
2024-12-31,-10.0,0.0,0.0,0.0,0.0,5.0,0.0
2025-01-01,-10.0,0.0,0.0,0.0,0.0,5.0,0.0
2025-01-02,-10.0,0.0,0.0,0.0,0.0,5.0,0.0
2025-01-03,-10.0,0.0,0.0,0.0,0.0,5.0,0.0
2025-01-06,8.0,-2.0,0.0,2.0,-1.0,0.0,0.0
2025-01-07,8.0,-2.0,0.0,2.0,-1.0,0.0,0.0
2025-01-08,8.0,-2.0,0.0,2.0,-1.0,0.0,0.0
2025-01-09,8.0,-2.0,0.0,2.0,-1.0,0.0,0.0
2025-01-10,8.0,-2.0,0.0,2.0,-1.0,0.0,0.0
2025-01-13,0.0,0.0,0.0,-2.0,-2.0,0.0,0.0
2025-01-14,0.0,0.0,0.0,-2.0,-2.0,0.0,0.0
2025-01-15,0.0,0.0,0.0,-2.0,-2.0,0.0,0.0
2025-01-16,0.0,0.0,0.0,-2.0,-2.0,0.0,0.0
2025-01-17,0.0,0.0,0.0,-2.0,-2.0,0.0,0.0
2025-01-20,7.0,0.0,0.0,-2.0,-1.0,3.0,0.0
2025-01-21,7.0,0.0,0.0,-2.0,-1.0,3.0,0.0
2025-01-22,7.0,0.0,0.0,-2.0,-1.0,3.0,0.0
2025-01-23,7.0,0.0,0.0,-2.0,-1.0,3.0,0.0
2025-01-24,7.0,0.0,0.0,-2.0,-1.0,3.0,0.0
2025-01-27,-6.0,-1.0,0.0,2.0,0.0,-2.0,0.0
2025-01-28,-6.0,-1.0,0.0,2.0,0.0,-2.0,0.0
2025-01-29,-6.0,-1.0,0.0,2.0,0.0,-2.0,0.0
2025-01-30,-6.0,-1.0,0.0,2.0,0.0,-2.0,0.0
2025-01-31,-6.0,-1.0,0.0,2.0,0.0,-2.0,0.0
2025-02-03,-6.0,-1.0,0.0,2.0,0.0,-2.0,0.0
2025-02-04,-6.0,-1.0,0.0,2.0,0.0,-2.0,0.0
2025-02-05,-6.0,-1.0,0.0,2.0,0.0,-2.0,0.0
2025-02-06,-6.0,-1.0,0.0,2.0,0.0,-2.0,0.0
2025-02-07,-6.0,-1.0,0.0,2.0,0.0,-2.0,0.0
2025-02-10,-8.0,-2.0,0.0,0.0,2.0,-3.0,0.0
2025-02-11,-8.0,-2.0,0.0,0.0,2.0,-3.0,0.0
2025-02-12,-8.0,-2.0,0.0,0.0,2.0,-3.0,0.0
2025-02-13,-8.0,-2.0,0.0,0.0,2.0,-3.0,0.0
2025-02-14,-8.0,-2.0,0.0,0.0,2.0,-3.0,0.0
2025-02-17,-9.0,0.0,0.0,-2.0,2.0,0.0,0.0
2025-02-18,-9.0,0.0,0.0,-2.0,2.0,0.0,0.0
2025-02-19,-9.0,0.0,0.0,-2.0,2.0,0.0,0.0
2025-02-20,-9.0,0.0,0.0,-2.0,2.0,0.0,0.0
2025-02-21,-9.0,0.0,0.0,-2.0,2.0,0.0,0.0
2025-02-24,-9.0,0.0,0.0,0.0,0.0,0.0,0.0
2025-02-25,-9.0,0.0,0.0,0.0,0.0,0.0,0.0
2025-02-26,-9.0,0.0,0.0,0.0,0.0,0.0,0.0
2025-02-27,-9.0,0.0,0.0,0.0,0.0,0.0,0.0
2025-02-28,-9.0,0.0,0.0,0.0,0.0,0.0,0.0
2025-03-03,10.0,0.0,0.0,2.0,2.0,0.0,0.0
2025-03-04,10.0,0.0,0.0,2.0,2.0,0.0,0.0
2025-03-05,10.0,0.0,0.0,2.0,2.0,0.0,0.0
2025-03-06,10.0,0.0,0.0,2.0,2.0,0.0,0.0
2025-03-07,10.0,0.0,0.0,2.0,2.0,0.0,0.0
2025-03-10,10.0,0.0,0.0,2.0,2.0,0.0,0.0
2025-03-11,10.0,0.0,0.0,2.0,2.0,0.0,0.0
2025-03-12,10.0,0.0,0.0,2.0,2.0,0.0,0.0
2025-03-13,10.0,0.0,0.0,2.0,2.0,0.0,0.0
2025-03-14,10.0,0.0,0.0,2.0,2.0,0.0,0.0
2025-03-17,0.0,0.0,0.0,2.0,0.0,0.0,0.0
2025-03-18,0.0,0.0,0.0,2.0,0.0,0.0,0.0
2025-03-19,0.0,0.0,0.0,2.0,0.0,0.0,0.0
2025-03-20,0.0,0.0,0.0,2.0,0.0,0.0,0.0
2025-03-21,0.0,0.0,0.0,2.0,0.0,0.0,0.0
2025-03-24,10.0,0.0,0.0,2.0,2.0,0.0,0.0
2025-03-25,10.0,0.0,0.0,2.0,2.0,0.0,0.0
2025-03-26,10.0,0.0,0.0,2.0,2.0,0.0,0.0
2025-03-27,10.0,0.0,0.0,2.0,2.0,0.0,0.0
2025-03-28,10.0,0.0,0.0,2.0,2.0,0.0,0.0
2025-03-31,9.0,0.0,0.0,-1.0,0.0,-5.0,0.0
2025-04-01,9.0,0.0,0.0,-1.0,0.0,-5.0,0.0
2025-04-02,9.0,0.0,0.0,-1.0,0.0,-5.0,0.0
2025-04-03,9.0,0.0,0.0,-1.0,0.0,-5.0,0.0
2025-04-04,9.0,0.0,0.0,-1.0,0.0,-5.0,0.0
2025-04-07,10.0,-1.0,0.0,0.0,2.0,-4.0,0.0
2025-04-08,10.0,-1.0,0.0,0.0,2.0,-4.0,0.0
2025-04-09,10.0,-1.0,0.0,0.0,2.0,-4.0,0.0
2025-04-10,10.0,-1.0,0.0,0.0,2.0,-4.0,0.0
2025-04-11,10.0,-1.0,0.0,0.0,2.0,-4.0,0.0
2025-04-14,-9.0,0.0,0.0,0.0,3.0,0.0,0.0
2025-04-15,-9.0,0.0,0.0,0.0,3.0,0.0,0.0
2025-04-16,-9.0,0.0,0.0,0.0,3.0,0.0,0.0
2025-04-17,-9.0,0.0,0.0,0.0,3.0,0.0,0.0
2025-04-18,-9.0,0.0,0.0,0.0,3.0,0.0,0.0
2025-04-21,0.0,0.0,0.0,0.0,7.0,0.0,0.0
2025-04-22,0.0,0.0,0.0,0.0,7.0,0.0,0.0
2025-04-23,0.0,0.0,0.0,0.0,7.0,0.0,0.0
2025-04-24,0.0,0.0,0.0,0.0,7.0,0.0,0.0
2025-04-25,0.0,0.0,0.0,0.0,7.0,0.0,0.0
2025-04-28,0.0,4.0,0.0,0.0,8.0,0.0,0.0
2025-04-29,0.0,4.0,0.0,0.0,8.0,0.0,0.0
2025-04-30,0.0,4.0,0.0,0.0,8.0,0.0,0.0
2025-05-01,0.0,4.0,0.0,0.0,8.0,0.0,0.0
2025-05-02,0.0,4.0,0.0,0.0,8.0,0.0,0.0
2025-05-05,0.0,-2.0,0.0,-1.0,0.0,-4.0,0.0
2025-05-06,0.0,-2.0,0.0,-1.0,0.0,-4.0,0.0
2025-05-07,0.0,-2.0,0.0,-1.0,0.0,-4.0,0.0
2025-05-08,0.0,-2.0,0.0,-1.0,0.0,-4.0,0.0
2025-05-09,0.0,-2.0,0.0,-1.0,0.0,-4.0,0.0
2025-05-12,10.0,0.0,0.0,-2.0,-2.0,0.0,0.0
2025-05-13,10.0,0.0,0.0,-2.0,-2.0,0.0,0.0
2025-05-14,10.0,0.0,0.0,-2.0,-2.0,0.0,0.0
2025-05-15,10.0,0.0,0.0,-2.0,-2.0,0.0,0.0
2025-05-16,10.0,0.0,0.0,-2.0,-2.0,0.0,0.0
2025-05-19,8.0,0.0,0.0,-1.0,-2.0,4.0,0.0
2025-05-20,8.0,0.0,0.0,-1.0,-2.0,4.0,0.0
2025-05-21,8.0,0.0,0.0,-1.0,-2.0,4.0,0.0
2025-05-22,8.0,0.0,0.0,-1.0,-2.0,4.0,0.0
2025-05-23,8.0,0.0,0.0,-1.0,-2.0,4.0,0.0
2025-05-26,-7.0,-2.0,0.0,-1.0,0.0,4.0,0.0
2025-05-27,-7.0,-2.0,0.0,-1.0,0.0,4.0,0.0
2025-05-28,-7.0,-2.0,0.0,-1.0,0.0,4.0,0.0
2025-05-29,-7.0,-2.0,0.0,-1.0,0.0,4.0,0.0
2025-05-30,-7.0,-2.0,0.0,-1.0,0.0,4.0,0.0
2025-06-02,-10.0,-3.0,0.0,0.0,2.0,0.0,0.0
2025-06-03,-10.0,-3.0,0.0,0.0,2.0,0.0,0.0
2025-06-04,-10.0,-3.0,0.0,0.0,2.0,0.0,0.0
2025-06-05,-10.0,-3.0,0.0,0.0,2.0,0.0,0.0
2025-06-06,-10.0,-3.0,0.0,0.0,2.0,0.0,0.0
2025-06-09,-7.0,-2.0,0.0,1.0,1.0,-3.0,0.0
2025-06-10,-7.0,-2.0,0.0,1.0,1.0,-3.0,0.0
2025-06-11,-7.0,-2.0,0.0,1.0,1.0,-3.0,0.0
2025-06-12,-7.0,-2.0,0.0,1.0,1.0,-3.0,0.0
2025-06-13,-7.0,-2.0,0.0,1.0,1.0,-3.0,0.0
2025-06-16,-8.0,-1.0,0.0,1.0,0.0,-4.0,0.0
2025-06-17,-8.0,-1.0,0.0,1.0,0.0,-4.0,0.0
2025-06-18,-8.0,-1.0,0.0,1.0,0.0,-4.0,0.0
2025-06-19,-8.0,-1.0,0.0,1.0,0.0,-4.0,0.0
2025-06-20,-8.0,-1.0,0.0,1.0,0.0,-4.0,0.0
2025-06-23,0.0,-2.0,0.0,0.0,0.0,-4.0,0.0
2025-06-24,0.0,-2.0,0.0,0.0,0.0,-4.0,0.0
2025-06-25,0.0,-2.0,0.0,0.0,0.0,-4.0,0.0
2025-06-26,0.0,-2.0,0.0,0.0,0.0,-4.0,0.0
2025-06-27,0.0,-2.0,0.0,0.0,0.0,-4.0,0.0
2025-06-30,-11.0,1.0,0.0,0.0,0.0,-4.0,0.0
2025-07-01,-11.0,1.0,0.0,0.0,0.0,-4.0,0.0
2025-07-02,-11.0,1.0,0.0,0.0,0.0,-4.0,0.0
2025-07-03,-11.0,1.0,0.0,0.0,0.0,-4.0,0.0
2025-07-04,-11.0,1.0,0.0,0.0,0.0,-4.0,0.0
2025-07-07,-10.0,1.0,0.0,0.0,0.0,4.0,0.0
2025-07-08,-10.0,1.0,0.0,0.0,0.0,4.0,0.0
2025-07-09,-10.0,1.0,0.0,0.0,0.0,4.0,0.0
2025-07-10,-10.0,1.0,0.0,0.0,0.0,4.0,0.0
2025-07-11,-10.0,1.0,0.0,0.0,0.0,4.0,0.0
2025-07-14,0.0,2.0,0.0,1.0,3.0,-5.0,0.0
2025-07-15,0.0,2.0,0.0,1.0,3.0,-5.0,0.0
2025-07-16,0.0,2.0,0.0,1.0,3.0,-5.0,0.0
2025-07-17,0.0,2.0,0.0,1.0,3.0,-5.0,0.0
2025-07-18,0.0,2.0,0.0,1.0,3.0,-5.0,0.0
2025-07-21,-8.0,2.0,0.0,0.0,2.0,4.0,0.0
2025-07-22,-8.0,2.0,0.0,0.0,2.0,4.0,0.0
2025-07-23,-8.0,2.0,0.0,0.0,2.0,4.0,0.0
2025-07-24,-8.0,2.0,0.0,0.0,2.0,4.0,0.0
2025-07-25,-8.0,2.0,0.0,0.0,2.0,4.0,0.0
2025-07-28,-8.0,-3.0,0.0,0.0,0.0,4.0,0.0
2025-07-29,-8.0,-3.0,0.0,0.0,0.0,4.0,0.0
2025-07-30,-8.0,-3.0,0.0,0.0,0.0,4.0,0.0
2025-07-31,-8.0,-3.0,0.0,0.0,0.0,4.0,0.0
2025-08-01,-8.0,-3.0,0.0,0.0,0.0,4.0,0.0
2025-08-04,-9.0,-1.0,0.0,0.0,-2.0,5.0,0.0
2025-08-05,-9.0,-1.0,0.0,0.0,-2.0,5.0,0.0
2025-08-06,-9.0,-1.0,0.0,0.0,-2.0,5.0,0.0
2025-08-07,-9.0,-1.0,0.0,0.0,-2.0,5.0,0.0
2025-08-08,-9.0,-1.0,0.0,0.0,-2.0,5.0,0.0
2025-08-11,-11.0,0.0,0.0,0.0,-2.0,5.0,0.0
2025-08-12,-11.0,0.0,0.0,0.0,-2.0,5.0,0.0
2025-08-13,-11.0,0.0,0.0,0.0,-2.0,5.0,0.0
2025-08-14,-11.0,0.0,0.0,0.0,-2.0,5.0,0.0
2025-08-15,-11.0,0.0,0.0,0.0,-2.0,5.0,0.0
2025-08-18,-11.0,0.0,0.0,0.0,0.0,4.0,0.0
2025-08-19,-11.0,0.0,0.0,0.0,0.0,4.0,0.0
2025-08-20,-11.0,0.0,0.0,0.0,0.0,4.0,0.0
2025-08-21,-11.0,0.0,0.0,0.0,0.0,4.0,0.0
2025-08-22,-11.0,0.0,0.0,0.0,0.0,4.0,0.0
2025-08-25,-9.0,-2.0,0.0,0.0,3.0,4.0,0.0
2025-08-26,-9.0,-2.0,0.0,0.0,3.0,4.0,0.0
2025-08-27,-9.0,-2.0,0.0,0.0,3.0,4.0,0.0
2025-08-28,-9.0,-2.0,0.0,0.0,3.0,4.0,0.0
2025-08-29,-9.0,-2.0,0.0,0.0,3.0,4.0,0.0
2025-09-01,-7.0,0.0,0.0,-2.0,2.0,-3.0,0.0
2025-09-02,-7.0,0.0,0.0,-2.0,2.0,-3.0,0.0
2025-09-03,-7.0,0.0,0.0,-2.0,2.0,-3.0,0.0
2025-09-04,-7.0,0.0,0.0,-2.0,2.0,-3.0,0.0
2025-09-05,-7.0,0.0,0.0,-2.0,2.0,-3.0,0.0
2025-09-08,6.0,0.0,0.0,-2.0,2.0,-3.0,0.0
2025-09-09,6.0,0.0,0.0,-2.0,2.0,-3.0,0.0
2025-09-10,6.0,0.0,0.0,-2.0,2.0,-3.0,0.0
2025-09-11,6.0,0.0,0.0,-2.0,2.0,-3.0,0.0
2025-09-12,6.0,0.0,0.0,-2.0,2.0,-3.0,0.0
2025-09-15,9.0,0.0,0.0,2.0,-3.0,0.0,0.0
2025-09-16,9.0,0.0,0.0,2.0,-3.0,0.0,0.0
2025-09-17,9.0,0.0,0.0,2.0,-3.0,0.0,0.0
2025-09-18,9.0,0.0,0.0,2.0,-3.0,0.0,0.0
2025-09-19,9.0,0.0,0.0,2.0,-3.0,0.0,0.0
2025-09-22,-5.0,-1.0,0.0,1.0,-2.0,4.0,0.0
2025-09-23,-5.0,-1.0,0.0,1.0,-2.0,4.0,0.0
2025-09-24,-5.0,-1.0,0.0,1.0,-2.0,4.0,0.0
2025-09-25,-5.0,-1.0,0.0,1.0,-2.0,4.0,0.0
2025-09-26,-5.0,-1.0,0.0,1.0,-2.0,4.0,0.0
2025-09-29,-11.0,-2.0,0.0,2.0,0.0,0.0,0.0
2025-09-30,-11.0,-2.0,0.0,2.0,0.0,0.0,0.0
2025-10-01,-11.0,-2.0,0.0,2.0,0.0,0.0,0.0
2025-10-02,-11.0,-2.0,0.0,2.0,0.0,0.0,0.0
2025-10-03,-11.0,-2.0,0.0,2.0,0.0,0.0,0.0
2025-10-06,-7.0,-1.0,0.0,-1.0,-2.0,-4.0,0.0
2025-10-07,-7.0,-1.0,0.0,-1.0,-2.0,-4.0,0.0
2025-10-08,-7.0,-1.0,0.0,-1.0,-2.0,-4.0,0.0
2025-10-09,-7.0,-1.0,0.0,-1.0,-2.0,-4.0,0.0
2025-10-10,-7.0,-1.0,0.0,-1.0,-2.0,-4.0,0.0
2025-10-13,-9.0,-1.0,0.0,1.0,-2.0,4.0,0.0
2025-10-14,-9.0,-1.0,0.0,1.0,-2.0,4.0,0.0
2025-10-15,-9.0,-1.0,0.0,1.0,-2.0,4.0,0.0
2025-10-16,-9.0,-1.0,0.0,1.0,-2.0,4.0,0.0
2025-10-17,-9.0,-1.0,0.0,1.0,-2.0,4.0,0.0
2025-10-20,-11.0,0.0,0.0,0.0,2.0,4.0,0.0
2025-10-21,-11.0,0.0,0.0,0.0,2.0,4.0,0.0
2025-10-22,-11.0,0.0,0.0,0.0,2.0,4.0,0.0
2025-10-23,-11.0,0.0,0.0,0.0,2.0,4.0,0.0
2025-10-24,-11.0,0.0,0.0,0.0,2.0,4.0,0.0
2025-10-27,8.0,-1.0,0.0,1.0,-1.0,4.0,0.0
2025-10-28,8.0,-1.0,0.0,1.0,-1.0,4.0,0.0
2025-10-29,8.0,-1.0,0.0,1.0,-1.0,4.0,0.0
2025-10-30,8.0,-1.0,0.0,1.0,-1.0,4.0,0.0
2025-10-31,8.0,-1.0,0.0,1.0,-1.0,4.0,0.0
2025-11-03,9.0,-1.0,0.0,1.0,-1.0,3.0,0.0
2025-11-04,9.0,-1.0,0.0,1.0,-1.0,3.0,0.0
2025-11-05,9.0,-1.0,0.0,1.0,-1.0,3.0,0.0
2025-11-06,9.0,-1.0,0.0,1.0,-1.0,3.0,0.0
2025-11-07,9.0,-1.0,0.0,1.0,-1.0,3.0,0.0
2025-11-10,0.0,-4.0,0.0,2.0,-2.0,0.0,0.0
2025-11-11,0.0,-4.0,0.0,2.0,-2.0,0.0,0.0
2025-11-12,0.0,-4.0,0.0,2.0,-2.0,0.0,0.0
2025-11-13,0.0,-4.0,0.0,2.0,-2.0,0.0,0.0
2025-11-14,0.0,-4.0,0.0,2.0,-2.0,0.0,0.0
2025-11-17,0.0,-3.0,0.0,2.0,-3.0,0.0,0.0
2025-11-18,0.0,-3.0,0.0,2.0,-3.0,0.0,0.0
2025-11-19,0.0,-3.0,0.0,2.0,-3.0,0.0,0.0
2025-11-20,0.0,-3.0,0.0,2.0,-3.0,0.0,0.0
2025-11-21,0.0,-3.0,0.0,2.0,-3.0,0.0,0.0
2025-11-24,0.0,-3.0,0.0,2.0,0.0,-4.0,0.0
2025-11-25,0.0,-3.0,0.0,2.0,0.0,-4.0,0.0
2025-11-26,0.0,-3.0,0.0,2.0,0.0,-4.0,0.0
2025-11-27,0.0,-3.0,0.0,2.0,0.0,-4.0,0.0
2025-11-28,0.0,-3.0,0.0,2.0,0.0,-4.0,0.0
2025-12-01,-7.0,-2.0,0.0,1.0,-1.0,2.0,0.0
2025-12-02,-7.0,-2.0,0.0,1.0,-1.0,2.0,0.0
2025-12-03,-7.0,-2.0,0.0,1.0,-1.0,2.0,0.0
2025-12-04,-7.0,-2.0,0.0,1.0,-1.0,2.0,0.0
2025-12-05,-7.0,-2.0,0.0,1.0,-1.0,2.0,0.0
2025-12-08,6.0,2.0,0.0,1.0,-1.0,-3.0,0.0
2025-12-09,6.0,2.0,0.0,1.0,-1.0,-3.0,0.0
2025-12-10,6.0,2.0,0.0,1.0,-1.0,-3.0,0.0
2025-12-11,6.0,2.0,0.0,1.0,-1.0,-3.0,0.0
2025-12-12,6.0,2.0,0.0,1.0,-1.0,-3.0,0.0
2025-12-15,0.0,-3.0,0.0,1.0,1.0,4.0,0.0
2025-12-16,0.0,-3.0,0.0,1.0,1.0,4.0,0.0
2025-12-17,0.0,-3.0,0.0,1.0,1.0,4.0,0.0
2025-12-18,0.0,-3.0,0.0,1.0,1.0,4.0,0.0
2025-12-19,0.0,-3.0,0.0,1.0,1.0,4.0,0.0
2025-12-22,-7.0,-2.0,0.0,1.0,1.0,4.0,0.0
2025-12-23,-7.0,-2.0,0.0,1.0,1.0,4.0,0.0
2025-12-24,-7.0,-2.0,0.0,1.0,1.0,4.0,0.0
2025-12-25,-7.0,-2.0,0.0,1.0,1.0,4.0,0.0
2025-12-26,-7.0,-2.0,0.0,1.0,1.0,4.0,0.0
2025-12-29,8.0,-2.0,0.0,1.0,1.0,-4.0,0.0
2025-12-30,8.0,-2.0,0.0,1.0,1.0,-4.0,0.0
2025-12-31,8.0,-2.0,0.0,1.0,1.0,-4.0,0.0
2026-01-01,8.0,-2.0,0.0,1.0,1.0,-4.0,0.0
2026-01-02,8.0,-2.0,0.0,1.0,1.0,-4.0,0.0
2026-01-05,0.0,0.0,0.0,0.0,-2.0,-4.0,0.0
2026-01-06,0.0,0.0,0.0,0.0,-2.0,-4.0,0.0
2026-01-07,0.0,0.0,0.0,0.0,-2.0,-4.0,0.0
2026-01-08,0.0,0.0,0.0,0.0,-2.0,-4.0,0.0
2026-01-09,0.0,0.0,0.0,0.0,-2.0,-4.0,0.0
2026-01-12,-10.0,0.0,0.0,-1.0,0.0,4.0,0.0
2026-01-13,-10.0,0.0,0.0,-1.0,0.0,4.0,0.0
2026-01-14,-10.0,0.0,0.0,-1.0,0.0,4.0,0.0
2026-01-15,-10.0,0.0,0.0,-1.0,0.0,4.0,0.0
2026-01-16,-10.0,0.0,0.0,-1.0,0.0,4.0,0.0
